"시점","행정구역(시군구)별","성별",계,65 - 69세,70 - 74세,75 - 79세,80세 이상,80 - 84세,85세 이상,85 - 89세,90 - 94세,95 - 99세,100세 이상
"2000","서울특별시","계",10287787,218124,143568.5,96622,85282,52857.5,32424.5,23654,7122,1311,337.5
"2000","부산광역시","계",3806888,94267.5,62552.5,38069.5,27807,17514.5,10292.5,7690.5,2100.5,385.5,116
"2000","대구광역시","계",2514981.5,61208.5,38699.5,24555.5,20171,12895.5,7275.5,5428.5,1544,232,71
"2000","인천광역시","계",2527427.5,52849.5,36674.5,25011.5,19803.5,12747,7056.5,5197.5,1532,251,76
"2000","광주광역시","계",1364260.5,28797.5,20579,13611.5,12430,7410,5020,3554.5,1147.5,252,66
"2000","대전광역시","계",1374576,28891.5,19889,13347.5,11540.5,7217,4323.5,3141,970.5,155.5,56.5
"2000","울산광역시","계",1032280.5,16237,11060.5,7314.5,6292.5,3956.5,2336,1771.5,468.5,74,22
"2000","경기도","계",9076836.5,203425,136694,90491.5,75559.5,47431.5,28128,20647,6112,1067,302
"2000","강원도","계",1555833.5,52016,38018,26841.5,23890.5,15256,8634.5,6340.5,1898.5,308,87.5
"2000","충청북도","계",1494795,51962,35456.5,24130.5,21135.5,13258,7877.5,5829,1680.5,277,91
"2000","충청남도","계",1920467,84400.5,55869,37302.5,32303.5,20161.5,12142,8796,2695.5,494.5,156
"2000","전라북도","계",2004381,78747,55129.5,36075,31602.5,19608,11994.5,8497,2753.5,558,186
"2000","전라남도","계",2142853.5,96478.5,68083.5,45907,38750.5,23050.5,15700,10832,3750,843,275
"2000","경상북도","계",2802872.5,113691.5,79311.5,53848,47580,30327,17253,12867.5,3593.5,603,189
"2000","경상남도","계",3087321,103203.5,72222.5,46394,34052,21399,12653,9271,2743,497,142
"2000","제주특별자치도","계",540556,16794,9666.5,7542.5,8225,4410,3815,2575,970.5,224,45.5
"2001","서울특별시","계",10287325,235303,149694,98193.5,89041,55142.5,33898.5,24542.5,7681.5,1342.5,332
"2001","부산광역시","계",3783521,100802,65502.5,39751,29553.5,18858.5,10695,7928.5,2265.5,381,120
"2001","대구광역시","계",2524681,65844.5,40752,25493,21067.5,13434.5,7633,5699.5,1613,252.5,68
"2001","인천광역시","계",2555183.5,56526,38518.5,25820.5,21106,13537,7569,5529.5,1706,256.5,77
"2001","광주광역시","계",1377837,30550,21650,13929,12970.5,7806,5164.5,3634.5,1207.5,256,66.5
"2001","대전광역시","계",1394385,31141,20946,13844,12117.5,7518,4599.5,3325.5,1059,162,53
"2001","울산광역시","계",1047921.5,17500,11646,7661.5,6595,4137,2458,1867,502.5,66.5,22
"2001","경기도","계",9381917.5,222870.5,146293,95182,81299.5,50966.5,30333,22090.5,6822.5,1122,298
"2001","강원도","계",1553547.5,55981.5,39246,27798.5,24779.5,15603.5,9176,6764.5,1989.5,330,92
"2001","충청북도","계",1497016.5,56023,36851.5,24745,21859,13564.5,8294.5,6144,1782.5,274.5,93.5
"2001","충청남도","계",1919870.5,89996.5,58213,38613.5,33432,20571.5,12860.5,9300.5,2875,530.5,154.5
"2001","전라북도","계",2002854.5,83090,57852,36449,32849,20362,12487,8896.5,2822,579,189.5
"2001","전라남도","계",2114961,100155.5,72125,46661,40268.5,24373,15895.5,10944.5,3828.5,858,264.5
"2001","경상북도","계",2790941,120179.5,81959.5,55120.5,49397,31407,17990,13374,3779.5,639.5,197
"2001","경상남도","계",3100457.5,107653,75289,48209,36147.5,23078,13069.5,9565,2849.5,504.5,150.5
"2001","제주특별자치도","계",544628.5,17907,10610.5,7375.5,8541,4656.5,3884.5,2586,1038,214,46.5
"2002","서울특별시","계",10235315.5,250576.5,155707,99641,93415.5,57784,35631.5,25716.5,8195,1401.5,318.5
"2002","부산광역시","계",3750330.5,106352.5,68823,41494,31723,20519.5,11203.5,8243.5,2461.5,389,109.5
"2002","대구광역시","계",2525456,69439,43360,26440,22303.5,14177.5,8126,6057,1722.5,278.5,68
"2002","인천광역시","계",2571293.5,59824.5,40395.5,26421.5,22589,14486.5,8102.5,5868,1863.5,286.5,84.5
"2002","광주광역시","계",1390608.5,32511,22411.5,14287,13758,8342.5,5415.5,3801.5,1284,265,65
"2002","대전광역시","계",1411368.5,33218,22042.5,14383.5,12926.5,8003,4923.5,3545.5,1147,178,53
"2002","울산광역시","계",1060327.5,18659,12299,8036,7032,4394,2638,1995,544,77.5,21.5
"2002","경기도","계",9735983.5,243200.5,157930.5,100280,88989.5,55955,33034.5,23931.5,7545,1271,287
"2002","강원도","계",1545563.5,60556,40487.5,28232,26019.5,16108,9911.5,7355.5,2097,366,93
"2002","충청북도","계",1494616.5,59415.5,38381.5,24947,23098,14330.5,8767.5,6464,1920,301,82.5
"2002","충청남도","계",1912931,93291,61883,39334,35331,21772,13559,9733,3113.5,559,153.5
"2002","전라북도","계",1980150,85782.5,59786.5,37780.5,34614.5,21560,13054.5,9326,2939.5,603,186
"2002","전라남도","계",2076756,104177,75401.5,47054,42459.5,26102.5,16357,11314.5,3917,867,258.5
"2002","경상북도","계",2770724,124567.5,85349,56446.5,51852,32704.5,19147.5,14158,4098.5,697.5,193.5
"2002","경상남도","계",3115460,111146.5,79567,49906.5,38918,25195.5,13722.5,10051.5,2992.5,538.5,140
"2002","제주특별자치도","계",548860,18873.5,11620,7284,9015.5,5000,4015.5,2653,1093,219.5,50
"2003","서울특별시","계",10190690.5,266029.5,162511.5,102250,99055,61813,37242,26784,8607.5,1544.5,306
"2003","부산광역시","계",3710785,112036,71567.5,43709,34126,22497,11629,8448.5,2648.5,436,96
"2003","대구광역시","계",2527673.5,72869,45985,27996,23613,15108,8505,6317.5,1803,315,69.5
"2003","인천광역시","계",2574091.5,62892.5,42330,27157,24368,15774,8594,6223,1961,326,84
"2003","광주광역시","계",1396607,34647.5,23291,14636.5,14667,9088,5579,3919,1319.5,273,67.5
"2003","대전광역시","계",1425934.5,35125.5,23174,15006.5,13901,8710.5,5190.5,3713.5,1219,203,55
"2003","울산광역시","계",1068952,19859,13014.5,8503.5,7579.5,4808.5,2771,2076.5,583.5,90.5,20.5
"2003","경기도","계",10067162,262874.5,170846.5,106257.5,97814.5,62136,35678.5,25708.5,8258,1443.5,268.5
"2003","강원도","계",1532877,64852.5,41893,28518.5,27535,16969.5,10565.5,7824.5,2236,417,88
"2003","충청북도","계",1491174,61523,40487.5,25544,24408.5,15278,9130.5,6660,2061.5,338.5,70.5
"2003","충청남도","계",1910264,95012,65816,40615,37636,23591.5,14044.5,10013.5,3283,603.5,144.5
"2003","전라북도","계",1954138,87413.5,61809.5,39265,37020.5,23486,13534.5,9631.5,3097.5,635.5,170
"2003","전라남도","계",2035967,107965.5,78513,47142,45781.5,29027,16754.5,11597,4037.5,878.5,241.5
"2003","경상북도","계",2738788,127765,88696.5,58396,54407,34252,20155,14843,4360.5,776.5,175
"2003","경상남도","계",3131717.5,114302,83364.5,52267,41863.5,27547,14316.5,10482.5,3130,585,119
"2003","제주특별자치도","계",551564,19467.5,12961,7074,9796,5615.5,4180.5,2751.5,1136.5,242,50.5
"2004","서울특별시","계",10173624,284942.5,171409.5,107648.5,104447,65423,39024,27893.5,9108.5,1709,313
"2004","부산광역시","계",3678895,118905,75103.5,46597,36475.5,24361,12114.5,8713,2816,493,92.5
"2004","대구광역시","계",2527128,76705.5,49402,29738,24834.5,15956.5,8878,6543,1908.5,359,67.5
"2004","인천광역시","계",2574505.5,66184.5,44399,28502.5,26018.5,16899.5,9119,6643.5,2026,375.5,74
"2004","광주광역시","계",1398467,36583,24432.5,15646,15353,9568.5,5784.5,4055,1383.5,281.5,64.5
"2004","대전광역시","계",1437883.5,37155,24638.5,15804.5,14752,9281.5,5470.5,3920.5,1258.5,238.5,53
"2004","울산광역시","계",1077160,21288.5,13997,9097,8090.5,5227.5,2863,2128.5,621.5,95,18
"2004","경기도","계",10334885.5,281184,184297.5,114591,105538,67228,38310,27521,8900,1615,274
"2004","강원도","계",1524204.5,68839.5,43623.5,29541,28926.5,17854,11072.5,8129.5,2386.5,469.5,87
"2004","충청북도","계",1489290,63370.5,43145.5,26983.5,25393.5,15878.5,9515,6899.5,2164.5,379,72
"2004","충청남도","계",1933104.5,96839.5,70085.5,42965,39590.5,24937,14653.5,10476,3354,678.5,145
"2004","전라북도","계",1930586,88903,64860.5,41271.5,38677.5,24556.5,14121,10069,3213.5,686,152.5
"2004","전라남도","계",2001961,111272,81138.5,49637,48071.5,30860.5,17211,11863.5,4221.5,919.5,206.5
"2004","경상북도","계",2708374.5,131462.5,93091.5,60850.5,56373.5,35422,20951.5,15380.5,4592,822,157
"2004","경상남도","계",3141415.5,117669.5,87054,55226.5,44423,29661.5,14761.5,10729.5,3308.5,618.5,105
"2004","제주특별자치도","계",553829.5,19886,14332,7361,10338.5,6028.5,4310,2790,1190.5,277.5,52
"2005","서울특별시","계",10170253,301682,184784.5,114869.5,109331.5,67952.5,41379,29562,9597,1892.5,327.5
"2005","부산광역시","계",3652319,125395.5,80625.5,49434,38900.5,25947,12953.5,9384.5,2946.5,528.5,94
"2005","대구광역시","계",2518009,79509,53831,31339,26155.5,16795.5,9360,6871,2035,388.5,65.5
"2005","인천광역시","계",2589656,68701.5,47409,30336,27629,17793,9836,7188,2144.5,432,71.5
"2005","광주광역시","계",1401458.5,38061.5,25884.5,17077,15974.5,9813,6161.5,4320.5,1476,305,60
"2005","대전광역시","계",1449054.5,38545.5,26507,16867,15535.5,9730,5805.5,4185.5,1299.5,271,49.5
"2005","울산광역시","계",1084550.5,22686,15155,9653.5,8603.5,5530,3073.5,2287.5,664.5,105.5,16
"2005","경기도","계",10580067.5,294690,201001.5,124377,112663.5,71267.5,41396,29857.5,9400,1840,298.5
"2005","강원도","계",1517242.5,71856.5,46066.5,30965.5,30440.5,18759,11681.5,8495.5,2564,532.5,89.5
"2005","충청북도","계",1488874,64132,46402.5,28682,26492,16579.5,9912.5,7136,2269,437,70.5
"2005","충청남도","계",1958026,96215,75504.5,45395,41300.5,25992,15308.5,10924,3497,738,149.5
"2005","전라북도","계",1896038.5,88426,68867,44020,39379,24551,14828,10626.5,3327.5,735.5,138.5
"2005","전라남도","계",1976698.5,113297,83903.5,54339,49464,31377.5,18086.5,12622,4299,979.5,186
"2005","경상북도","계",2692204,133095.5,99425.5,63333,58559,36654,21905,16090,4809,851.5,154.5
"2005","경상남도","계",3152122.5,120237,91788,58148,47243,31660.5,15582.5,11342,3501,638,101.5
"2005","제주특별자치도","계",556465.5,20351,15456.5,8343,10392,5938,4454,2857,1235.5,310,51.5
"2006","서울특별시","계",10174255,318422.5,201261,121727.5,114713.5,70350,44363.5,31732.5,10201,2089,341
"2006","부산광역시","계",3625142.5,132013,86779.5,52160,41449,27356,14093,10356,3080,559.5,97.5
"2006","대구광역시","계",2503710.5,82138,57900,33261,27489.5,17602.5,9887,7256,2151,416.5,63.5
"2006","인천광역시","계",2612443,71385,51291.5,32283.5,29311,18617.5,10693.5,7837.5,2295.5,489,71.5
"2006","광주광역시","계",1404771.5,40108.5,27647.5,18142.5,16697,10128,6569,4642.5,1526.5,339.5,60.5
"2006","대전광역시","계",1460398,39905.5,28645,17860,16353,10149.5,6203.5,4452,1406.5,295.5,49.5
"2006","울산광역시","계",1090071,23958.5,16291.5,10236.5,9121.5,5805.5,3316,2457,723,119.5,16.5
"2006","경기도","계",10801624,307637.5,220178,133244,120487,75420.5,45066.5,32592.5,10069.5,2084.5,320
"2006","강원도","계",1509265,73974,49678.5,32160.5,31928.5,19635.5,12293,8829,2797,572.5,94.5
"2006","충청북도","계",1491681,64280.5,50211.5,30144,27656,17203.5,10452.5,7449.5,2462,473,68
"2006","충청남도","계",1968539.5,94656.5,80904.5,47788.5,43223.5,27083.5,16140,11411.5,3768,814,146.5
"2006","전라북도","계",1876850,88136.5,72684.5,46503,40551,24982.5,15568.5,11110,3542,773,143.5
"2006","전라남도","계",1955065,115163.5,87337.5,57969,51212.5,32104,19108.5,13476,4431.5,1013.5,187.5
"2006","경상북도","계",2688534,133371,105789.5,66009.5,61041,37962.5,23078.5,16965,5045,917.5,151
"2006","경상남도","계",3166644,122535,96610,61370,50399.5,33482.5,16917,12457.5,3674.5,678.5,106.5
"2006","제주특별자치도","계",558032.5,21028,16482,9206,10524,5793.5,4730.5,3062,1277.5,345.5,45.5
"2007","서울특별시","계",10186938,345882.5,217275.5,128671.5,121040,73015.5,48024.5,34407.5,10969.5,2279.5,368
"2007","부산광역시","계",3599715.5,141512.5,92446.5,55370.5,44426,28976.5,15449.5,11455,3273,616,105.5
"2007","대구광역시","계",2494688,87239.5,61264,35797,29268.5,18569,10699.5,7852.5,2327,452.5,67.5
"2007","인천광역시","계",2644483.5,76626.5,54958.5,34456.5,31368.5,19538,11830.5,8671.5,2522,561,76
"2007","광주광역시","계",1410621,43685,29507.5,19046.5,17573.5,10538,7035.5,5001.5,1603,370.5,60.5
"2007","대전광역시","계",1470908.5,42902.5,30655.5,18832,17465,10729.5,6735.5,4832.5,1530,323,50
"2007","울산광역시","계",1096244.5,25925,17292.5,10822,9756.5,6121.5,3635,2658,826,135,16
"2007","경기도","계",11006122,328938.5,238073,142969,129406,79638.5,49767.5,36068.5,11041.5,2316.5,341
"2007","강원도","계",1504613,76553.5,53882,33379.5,33290,20265,13025,9233,3076.5,611.5,104
"2007","충청북도","계",1500583.5,66593.5,53528.5,31861,29085.5,17689,11396.5,8158,2644,521.5,73
"2007","충청남도","계",1984982,97092.5,84562.5,51314.5,45484.5,27997.5,17487,12413.5,4042.5,892.5,138.5
"2007","전라북도","계",1865321,92446.5,75405,48459,43040,26293.5,16746.5,11995,3752.5,836.5,162.5
"2007","전라남도","계",1936380.5,119212,91195.5,60993.5,53320,32648,20672,14732.5,4696,1044,199.5
"2007","경상북도","계",2684970.5,137551,110412,69425.5,64082.5,39412,24670.5,18071.5,5434,1019,146
"2007","경상남도","계",3184905,126650.5,100329.5,65520,53771,35096,18675,13923,3884.5,754,113.5
"2007","제주특별자치도","계",558877,21858.5,17368,10119,10864,5705,5159,3360.5,1362.5,387,49
"2008","서울특별시","계",10196768.5,369077.5,233331.5,135989,129047.5,76744.5,52303,37744.5,11673.5,2485,400
"2008","부산광역시","계",3576008,149933.5,98151,58279,48202,31114,17088,12814.5,3473,688,112.5
"2008","대구광역시","계",2492992.5,92061.5,64607.5,38348.5,31722,20093.5,11628.5,8577.5,2499.5,472.5,79
"2008","인천광역시","계",2678636,81209,58456.5,36759.5,33945,20702.5,13242.5,9739,2806.5,610,87
"2008","광주광역시","계",1418073,45949.5,31547,19988.5,18653,11030.5,7622.5,5476.5,1700.5,382.5,63
"2008","대전광역시","계",1478277,45376.5,32484,19966.5,18781,11421.5,7359.5,5329.5,1626,353.5,50.5
"2008","울산광역시","계",1106201,27851.5,18300.5,11390,10542,6520.5,4021.5,2957,899.5,149.5,15.5
"2008","경기도","계",11199237.5,346460.5,254978,153936.5,140036.5,84598,55438.5,40494.5,12020,2545,379
"2008","강원도","계",1506190.5,78119,58087.5,34802.5,35051,20946.5,14104.5,10000.5,3318,671,115
"2008","충청북도","계",1513097.5,68442,55892.5,34070.5,30977.5,18612.5,12365,8930.5,2756.5,595,83
"2008","충청남도","계",2007034,98676,87099.5,55321,48528.5,29415.5,19113,13796,4248.5,935,133.5
"2008","전라북도","계",1859024.5,94822,77569.5,50774,46286,27828.5,18457.5,13424,3965,895.5,173
"2008","전라남도","계",1924418,119839.5,95294,64185,56143,33190,22953,16789,4832,1118,214
"2008","경상북도","계",2677647.5,141201,114365.5,73022.5,67939.5,41403.5,26536,19360.5,5891,1127,157.5
"2008","경상남도","계",3211104,129771,103659,69390,57721,37183,20538,15529.5,4087.5,801.5,119.5
"2008","제주특별자치도","계",559938,22316.5,17947,11332,11367,5532,5835,3900.5,1455,420,59.5
"2009","서울특별시","계",10204564.5,378338.5,251268,144706.5,138591.5,82307.5,56284,40650,12472.5,2720.5,441
"2009","부산광역시","계",3553803.5,153705.5,104788.5,61839,52372,33745.5,18626.5,14079.5,3652.5,770,124.5
"2009","대구광역시","계",2491252.5,93376.5,68356.5,41489,34209.5,21713,12496.5,9228,2661,517,90.5
"2009","인천광역시","계",2701637.5,82745.5,62139,39083.5,36803.5,22226,14577.5,10732.5,3103,640,102
"2009","광주광역시","계",1428171,46351.5,33603,21200,20113.5,11969,8144.5,5851.5,1807,414.5,71.5
"2009","대전광역시","계",1482537.5,45955,34405,21457.5,20053.5,12119,7934.5,5756.5,1736,382.5,59.5
"2009","울산광역시","계",1113636.5,28736.5,19474,12146.5,11291,6955,4336,3207.5,941,169,18.5
"2009","경기도","계",11376437,352014.5,271883,166008,152496.5,91747.5,60749,44380,13164,2771.5,433.5
"2009","강원도","계",1510722.5,77422.5,62224,36720,37209.5,22027.5,15182,10788,3532.5,735,126.5
"2009","충청북도","계",1523532.5,67418.5,58088,36753,33069,20038.5,13030.5,9381.5,2910.5,643,95.5
"2009","충청남도","계",2028059.5,96159,89561.5,59538.5,52209,31780.5,20428.5,14793,4528,961,146.5
"2009","전라북도","계",1855140,91911,79699,54042,49304.5,29740,19564.5,14220.5,4247.5,918,178.5
"2009","전라남도","계",1916002,114742.5,99145,67085.5,60161,35632.5,24528.5,18086.5,5037,1193,212
"2009","경상북도","계",2671903.5,138555.5,118989,77842.5,71961.5,43826,28135.5,20416,6307.5,1240.5,171.5
"2009","경상남도","계",3237715.5,129170,107438,73259,62362,40120.5,22241.5,16985,4281.5,849,126
"2009","제주특별자치도","계",561640.5,22338,18391,12616.5,12103,5835,6268,4245.5,1512.5,440.5,69.5
"2010","서울특별시","계",10175959.5,383202.5,266107,156569,148181.5,88613,59568.5,42558.5,13598,2935.5,476.5
"2010","부산광역시","계",3532636.5,153475.5,111148,67034.5,56388.5,36269.5,20119,15197,3974,819.5,128.5
"2010","대구광역시","계",2488645,92216,71388,45501,36696.5,23257,13439.5,9918,2850,580.5,91
"2010","인천광역시","계",2719075.5,83588.5,64813.5,41925,39876,24075,15801,11542,3457.5,691.5,110
"2010","광주광역시","계",1439122.5,46895,35197,22744.5,21804,13237.5,8566.5,6105.5,1940,445,76
"2010","대전광역시","계",1487610.5,46388.5,35677.5,23248.5,21472.5,12984.5,8488,6138,1865,415,70
"2010","울산광역시","계",1116566,28958,20633,13069,12014,7378.5,4635.5,3407.5,1016,188,24
"2010","경기도","계",11568536.5,355435.5,284681.5,181284,165651,100080.5,65570.5,47518,14561,3015.5,476
"2010","강원도","계",1513988,76026.5,65538.5,39351,39646,23415.5,16230.5,11543.5,3767.5,784,135.5
"2010","충청북도","계",1532983,65927.5,59238,39985,35341.5,21570,13771.5,9930,3057,683.5,101
"2010","충청남도","계",2048972,93341.5,89545,64800.5,55971,34273.5,21697.5,15653.5,4852.5,1032,159.5
"2010","전라북도","계",1854957,89177.5,80245.5,58161.5,52420,32333.5,20086.5,14359,4587,957,183.5
"2010","전라남도","계",1908345,109253.5,101790,69985,65280.5,39739.5,25541,18575.5,5504,1245.5,216
"2010","경상북도","계",2670012,132312,121527.5,84207.5,76140,46423.5,29716.5,21455.5,6758.5,1320,182.5
"2010","경상남도","계",3258283,125817,110645,78028.5,67398.5,43077.5,24321,18559.5,4695.5,936,130
"2010","제주특별자치도","계",564119.5,22243,18878.5,13694,13000.5,6712.5,6288,4196.5,1559,454.5,78
"2011","서울특별시","계",10116242,386075,280456,170073.5,156614.5,93790.5,62824,44302.5,14848.5,3172.5,500.5
"2011","부산광역시","계",3515775.5,151962.5,117512.5,72651.5,60384.5,38640.5,21744,16277.5,4453,887,126.5
"2011","대구광역시","계",2486311,89947.5,74429.5,49356.5,39472.5,25075,14397.5,10573.5,3117,618,89
"2011","인천광역시","계",2749973.5,85131.5,67481,45530.5,42913,25895.5,17017.5,12248.5,3895,755.5,118.5
"2011","광주광역시","계",1449341,47300,37239.5,24443,23202,14174.5,9027.5,6382.5,2118,445.5,81.5
"2011","대전광역시","계",1497489.5,46598.5,36925,25255.5,23023,13971.5,9051.5,6494,2022,454.5,81
"2011","울산광역시","계",1123225.5,29162.5,21840.5,14084.5,12798.5,7842,4956.5,3624,1093.5,213.5,25.5
"2011","경기도","계",11754984.5,359555.5,297222.5,198738.5,178373,107853,70520,50544.5,16153,3299.5,523
"2011","강원도","계",1518846,74287,68151.5,42807.5,41980.5,24726,17254.5,12264,4013.5,833.5,143.5
"2011","충청북도","계",1545467,64335.5,59859.5,43623.5,37525,22942.5,14582.5,10476.5,3266.5,738.5,101
"2011","충청남도","계",2073576.5,90370,88787.5,70325.5,59821,36649.5,23171.5,16658,5187.5,1152.5,173.5
"2011","전라북도","계",1858301.5,87217,80901.5,62159.5,55786,34824,20962,14817.5,4924,1034,186.5
"2011","전라남도","계",1901926,103932.5,104418,73423,69686.5,42940.5,26746,19166,6006,1347,227
"2011","경상북도","계",2675375.5,125280,122660,90347,80580,49151,31429,22525.5,7287.5,1416,200
"2011","경상남도","계",3276317,121987,113553,82921,72753.5,46159.5,26594,20088.5,5345.5,1016,144
"2011","제주특별자치도","계",568323.5,22298.5,19578,14683,13836.5,7482,6354.5,4110.5,1677,485.5,81.5
"2012","서울특별시","계",10062309,389975,304602.5,183112.5,165800,98986.5,66813.5,46554,16290,3430,539.5
"2012","부산광역시","계",3503507.5,153070,126616,77827,65062,41378.5,23683.5,17512,5048.5,985,138
"2012","대구광역시","계",2484824.5,88878,79725,52655.5,42916,27268,15648,11410,3478,665,95
"2012","인천광역시","계",2793503.5,87567.5,72652,49052,46260,27853.5,18406.5,13028,4380,860.5,138
"2012","광주광역시","계",1456949.5,47718,40712,26237.5,24620,14947.5,9672.5,6757,2359,469,87.5
"2012","대전광역시","계",1508418,46522.5,39733,27141.5,24743.5,15017,9726.5,6900.5,2232,502.5,91.5
"2012","울산광역시","계",1134133.5,29856.5,23759,15050.5,13674,8361.5,5312.5,3842.5,1198.5,245.5,26
"2012","세종특별자치시","계",103384.5,4502.5,4774,3732.5,3471,2133.5,1337.5,960.5,295.5,71.5,10
"2012","경기도","계",11911181,365242,317661.5,214708,192239.5,116242.5,75997,53564,18191,3661.5,580.5
"2012","강원도","계",1523578,72494.5,71342.5,46687,44203,25997,18206,12815,4299.5,933,158.5
"2012","충청북도","계",1550498,61696.5,62174.5,46423.5,39770.5,24354.5,15416,10892,3644,772.5,107.5
"2012","충청남도","계",2006979,82892,87426.5,70712,61533.5,37934.5,23599,16747.5,5518.5,1151,182
"2012","전라북도","계",1860938.5,84923,85764,65256.5,59641,36943.5,22697.5,15937.5,5448,1115.5,196.5
"2012","전라남도","계",1897994,99024,109253.5,77268,73636.5,45577.5,28059,19655,6706,1459,239
"2012","경상북도","계",2680452,119577,127509,95015,85959.5,52443.5,33516,23798.5,7920,1574.5,223
"2012","경상남도","계",3291678.5,120514.5,118060.5,86841.5,78802.5,49934.5,28868,21494.5,6112.5,1094.5,166.5
"2012","제주특별자치도","계",574995.5,22662,20475.5,15525.5,14858,8310,6548,4022,1911,525.5,89.5
"2013","서울특별시","계",10012711.5,401314,325621.5,196583.5,176656,104784,71872,49514,18137.5,3639,581.5
"2013","부산광역시","계",3493213,158626.5,134920.5,83139.5,70190.5,44057.5,26133,19179.5,5765,1026.5,162
"2013","대구광역시","계",2483044.5,91436.5,84537.5,55924.5,46766,29522.5,17243.5,12533,3897,708.5,105
"2013","인천광역시","계",2833204.5,91635.5,77179,52518.5,49986.5,29888,20098.5,14003,4959.5,977.5,158.5
"2013","광주광역시","계",1461796,49520.5,43038,28112,26289,15818.5,10470.5,7201.5,2656,526.5,86.5
"2013","대전광역시","계",1517298.5,47952.5,42062,28851,26673.5,16100.5,10573,7412,2519.5,545.5,96
"2013","울산광역시","계",1144912,31551.5,25612,16013,14651,8924,5727,4098,1348.5,251,29.5
"2013","세종특별자치시","계",116752.5,4611,5029,3911,3816.5,2335.5,1481,1033,359.5,77.5,11
"2013","경기도","계",12061219,378422.5,334042.5,229990,208225,125491,82734,57399,20685,4013,637
"2013","강원도","계",1526531.5,71897.5,73340,50616,46914,27410,19504,13555.5,4743,1028.5,177
"2013","충청북도","계",1558806,61284.5,64170.5,48650.5,42858,26261.5,16596.5,11643.5,4040,786,127
"2013","충청남도","계",2024418.5,82985.5,89080.5,73209.5,67161,41405.5,25755.5,18096.5,6241.5,1229,188.5
"2013","전라북도","계",1860620.5,85247.5,88623,67807.5,64227.5,39251,24976.5,17327.5,6229,1205.5,214.5
"2013","전라남도","계",1894700,97821,110687.5,81477,78176.5,48364.5,29812,20258.5,7795.5,1494,264
"2013","경상북도","계",2680890,119019.5,131818.5,99022,92063.5,55919,36144.5,25535,8650,1704.5,255
"2013","경상남도","계",3304756,123433.5,121529,90327,84850.5,53400,31450.5,23134,6951,1182.5,183
"2013","제주특별자치도","계",584077.5,23473.5,21023,16087.5,16263,9405,6858,3916,2296.5,549.5,96
"2014","서울특별시","계",9970992.5,418589,334235,211763.5,189315,111619.5,77695.5,53535,19634,3889.5,637
"2014","부산광역시","계",3485394,167126.5,138985.5,89315,76038,47203,28835,21189.5,6392,1073,180.5
"2014","대구광역시","계",2477822.5,96620,86074.5,59533.5,51032,32225,18807,13656,4262.5,774,114.5
"2014","인천광역시","계",2863670,97371.5,78894,56229,54146.5,32052.5,22094,15298.5,5526.5,1096,173
"2014","광주광역시","계",1465396.5,52661.5,43516.5,29905,28381.5,16944.5,11437,7916.5,2849,574.5,97
"2014","대전광역시","계",1521389.5,50873,42759,30637,28893,17401,11492,8012.5,2796,581.5,102
"2014","울산광역시","계",1154816.5,34063,26546,17076,15861,9629,6232,4452.5,1488,255,36.5
"2014","세종특별자치시","계",138270.5,5044.5,5139,4186.5,4286.5,2594,1692.5,1183.5,412.5,84,12.5
"2014","경기도","계",12196188.5,397360.5,339628,245828,226807,135915.5,90891.5,63071.5,22724.5,4398,697.5
"2014","강원도","계",1529766,71898,73027,54542,50311,29214,21097,14565.5,5235,1110,186.5
"2014","충청북도","계",1565580,62850.5,63438.5,50860.5,46579,28557.5,18021.5,12730,4319.5,825,147
"2014","충청남도","계",2041139,86619.5,87012.5,75870.5,73303.5,45061,28242.5,19894.5,6759,1388.5,200.5
"2014","전라북도","계",1860008,89110.5,86348.5,70312,69553.5,42289.5,27264,19007.5,6708,1321,227.5
"2014","전라남도","계",1893159.5,100788,106659.5,85644,83594.5,51063,32531.5,22178.5,8490,1579.5,283.5
"2014","경상북도","계",2682403,123713.5,130016,103788.5,99209.5,60362,38847.5,27507.5,9224.5,1823,292.5
"2014","경상남도","계",3321034.5,129744.5,121596,94259,91506.5,56994.5,34512,25300.5,7737.5,1270,204
"2014","제주특별자치도","계",596127.5,24348,21211,16583.5,17911,10550.5,7360.5,4192,2501,567.5,100
"2015","서울특별시","계",9907155,434168.5,338228.5,224632,204382.5,121159.5,83223,57813.5,20458.5,4253.5,697.5
"2015","부산광역시","계",3478811.5,176933.5,139423.5,95399,82827,51511,31316,23027.5,6911,1186.5,191
"2015","대구광역시","계",2471181.5,102973,85165,62458.5,55935.5,35624.5,20311,14769.5,4544,873.5,124
"2015","인천광역시","계",2886542,103369,80212.5,58983,59032,34850,24182,16819,5945,1225.5,192.5
"2015","광주광역시","계",1465091,55613.5,43940,31322.5,30762.5,18295,12467.5,8789.5,2945.5,625,107.5
"2015","대전광역시","계",1514389.5,54052.5,43326.5,31783.5,31345,18934.5,12410.5,8696,2991,616.5,107
"2015","울산광역시","계",1163345.5,37099,26861,18160.5,17214.5,10472.5,6742,4805.5,1605,287.5,44
"2015","세종특별자치시","계",182610,5986.5,5421.5,4529.5,4948,2961.5,1986.5,1405,483,85.5,13
"2015","경기도","계",12337489,417940,344247,258659,249130,149436.5,99693.5,69664.5,24364.5,4905.5,759
"2015","강원도","계",1533360,71554,72080,57794.5,54249.5,31483,22766.5,15688.5,5679.5,1202.5,196
"2015","충청북도","계",1571121.5,64655.5,62279,52087,50941,31370.5,19570.5,13915.5,4611,883,161
"2015","충청남도","계",2055843,91822.5,84880.5,76358,80106,49531.5,30574.5,21635,7219,1497,223.5
"2015","전라북도","계",1858351.5,94665,84113,71240.5,75547,46004.5,29542.5,21041,6820,1449,232.5
"2015","전라남도","계",1894202.5,104536.5,102236,88720,89669.5,53895,35774.5,25063.5,8649.5,1753.5,308
"2015","경상북도","계",2684089.5,131200,124606,106802,107558.5,65969,41589.5,29514,9789.5,1968.5,317.5
"2015","경상남도","계",3336798.5,137718,118935.5,97530,98922.5,61210.5,37712,27561,8517.5,1403.5,230
"2015","제주특별자치도","계",611337.5,25192,21392.5,17162,19508.5,11526.5,7982,4871.5,2412.5,590,108
"2016","서울특별시","계",9811038.5,439027.5,340549,237554.5,220235,132134.5,88100.5,61404.5,21243.5,4713.5,739
"2016","부산광역시","계",3467418,185755,138599.5,101519.5,90044,56223,33821,24767,7477,1368.5,208.5
"2016","대구광역시","계",2466465,109466,83134,65398,60957,38947,22010,16069.5,4839.5,963,138
"2016","인천광역시","계",2905551.5,106572.5,81895.5,61664,64228.5,38135,26093.5,18187.5,6319.5,1374,212.5
"2016","광주광역시","계",1461531,57449,44279.5,33101,33052,19696.5,13355.5,9442.5,3095,700,118
"2016","대전광역시","계",1505374,56576.5,43536.5,32951.5,33925.5,20562,13363.5,9437,3147.5,664,115
"2016","울산광역시","계",1166314.5,40213,27058.5,19228.5,18534,11337.5,7196.5,5113.5,1710.5,329,43.5
"2016","세종특별자치시","계",225992,6991,5654.5,4842,5585.5,3319,2266.5,1613.5,537,97.5,18.5
"2016","경기도","계",12509483.5,432029.5,350236.5,272049.5,273702.5,165228,108474.5,75853,26211.5,5571.5,838.5
"2016","강원도","계",1536275,70730.5,70741.5,60407,58696.5,34345.5,24351,16733.5,6102.5,1298.5,216.5
"2016","충청북도","계",1577149,66527.5,60885.5,52796.5,55552,34513,21039,14962,4904,998,175
"2016","충청남도","계",2072713,96853,82663,76060,87028.5,54131.5,32897,23328.5,7711,1611.5,246
"2016","전라북도","계",1854771.5,98639.5,82607.5,72070.5,81379,49536.5,31842.5,22940.5,7072,1578,252
"2016","전라남도","계",1893147,107444.5,97897.5,91674.5,95511,57058.5,38452.5,27339.5,8867,1925,321
"2016","경상북도","계",2683477.5,139885,118395,108236,115944,71371.5,44572.5,31668.5,10418.5,2146,339.5
"2016","경상남도","계",3348251.5,145789.5,115698.5,100633,106341,65439,40902,29797,9267,1586.5,251.5
"2016","제주특별자치도","계",628019,25881.5,21693.5,17926.5,20973.5,12407,8566.5,5473,2325.5,653,115
"2017","서울특별시","계",9724400.5,443556.5,344436,258889.5,236871.5,142927.5,93944,65329,22592.5,5247,775.5
"2017","부산광역시","계",3445833,193274,140168.5,109951.5,97561,60675,36886,26778,8264.5,1611,232.5
"2017","대구광역시","계",2460368.5,115683,82387,70321.5,66050,41798.5,24251.5,17751,5283,1064,153.5
"2017","인천광역시","계",2916646,110150,84117.5,66594,69316.5,41071.5,28245,19624,6832.5,1559.5,229
"2017","광주광역시","계",1457271,58599,44660.5,36302.5,35484,21191,14293,10049.5,3332.5,788,123
"2017","대전광역시","계",1497290,58949,43423.5,35583,36543,22056.5,14486.5,10233,3397,734,122.5
"2017","울산광역시","계",1162347,43209,27691,20896.5,19919,12156.5,7762.5,5507.5,1832,377,46
"2017","세종특별자치시","계",260542,7933,5853.5,5314.5,6185,3643.5,2541.5,1813,585,118,25.5
"2017","경기도","계",12681347.5,450458.5,358726,293465.5,298498.5,180093,118405.5,82702.5,28276.5,6499.5,927
"2017","강원도","계",1536689,73137,69437.5,63616,63438.5,37509.5,25929,17712.5,6529,1444.5,243
"2017","충청북도","계",1582443.5,70105,59064.5,55474.5,59875.5,37194.5,22681,16085.5,5234.5,1183,178
"2017","충청남도","계",2092354,100466.5,80261.5,79083,93562,57444.5,36117.5,25774,8216,1861.5,266
"2017","전라북도","계",1847460.5,99171.5,80869.5,76749.5,86731,52312,34419,24621.5,7727,1797.5,273
"2017","전라남도","계",1887213,108631.5,93927.5,96589.5,101615.5,60537,41078.5,29340,9233,2189.5,316
"2017","경상북도","계",2678112,148155.5,113558,113182.5,123978.5,75579,48399.5,34398,11221,2416,364.5
"2017","경상남도","계",3356330,154151,114969,105571.5,113841,69165.5,44675.5,32553.5,10026.5,1834.5,261
"2017","제주특별자치도","계",644056.5,26467,22231,18848.5,22418,13129.5,9288.5,6115.5,2275.5,776.5,121
"2018","서울특별시","계",9642857,453065.5,354695,276788,254627,154066.5,100560.5,69438.5,24424.5,5895.5,802
"2018","부산광역시","계",3418068.5,199282,145611.5,117576,105133.5,65220.5,39913,28626,9185,1858,244
"2018","대구광역시","계",2449528.5,120308,84918.5,74786,71298.5,44610,26688.5,19464,5877,1193,154.5
"2018","인천광역시","계",2922973.5,115619.5,88048,70939,74567,43903,30664,21185.5,7474,1756.5,248
"2018","광주광역시","계",1452471.5,59429,46279.5,38511.5,38095,22811.5,15283.5,10704.5,3573.5,881,124.5
"2018","대전광역시","계",1485382,61204.5,44702.5,37775,39262,23501.5,15760.5,11065,3742,832,121.5
"2018","울산광역시","계",1154181.5,46070,29264,22568.5,21352,12931,8421,5957,1980.5,433.5,50
"2018","세종특별자치시","계",296050.5,8960.5,6283,5750.5,6779.5,3923,2856.5,2026,668,134,28.5
"2018","경기도","계",12861428,477571,375077.5,311804.5,324340,194696,129644,90208.5,30952.5,7484.5,998.5
"2018","강원도","계",1533013,77825,69218,65688.5,68414,40732.5,27681.5,18749,7026.5,1651.5,254.5
"2018","충청북도","계",1586514.5,74427.5,59063.5,57626,63896,39147.5,24748.5,17528.5,5707,1326.5,186.5
"2018","충청남도","계",2107223.5,102735,80991,81032,99747.5,59929,39818.5,28485.5,8923.5,2127.5,282
"2018","전라북도","계",1833762,99138,81417.5,79611.5,91910.5,54605.5,37305,26409.5,8551,2052.5,292
"2018","전라남도","계",1877082,107988,93383.5,98297.5,108157.5,64299.5,43858,31307,9616,2608.5,326.5
"2018","경상북도","계",2666723,154312.5,113564,117775,131621,79144,52477,37161.5,12223.5,2710.5,381.5
"2018","경상남도","계",3356947,161049,118450.5,109384.5,120998.5,72480.5,48518,35192.5,10941.5,2119,265
"2018","제주특별자치도","계",656673.5,26879.5,23197.5,19442,23888.5,13633,10255.5,6963,2193.5,976,123
"2019","서울특별시","계",9578974.5,466086,370201.5,284616.5,275205.5,166758,108447.5,74381,26780,6436,850.5
"2019","부산광역시","계",3390159.5,205484.5,153586,121480,113853,70519,43334,30829.5,10200,2039.5,265
"2019","대구광역시","계",2431140,123678,89694,76352,77308,47852.5,29455.5,21486.5,6524,1285,160
"2019","인천광역시","계",2927320,122054,93435.5,72628.5,80492.5,47104.5,33388,22888,8275.5,1962,262.5
"2019","광주광역시","계",1448843,60327,49173.5,39045.5,40987,24401,16586,11569.5,3958.5,923,135
"2019","대전광역시","계",1471769.5,63992.5,47191.5,38389.5,42287,25142.5,17144.5,12030.5,4076,918,120
"2019","울산광역시","계",1145705,49119.5,31641,23416,22978.5,13800.5,9178,6472,2190.5,468.5,47
"2019","세종특별자치시","계",326244.5,9997.5,6980.5,5914,7419,4195,3224,2248.5,795,151,29.5
"2019","경기도","계",13043732,509869.5,396485.5,319848.5,352983,210169,142814,98855,34692,8168.5,1098.5
"2019","강원도","계",1528655.5,83433,69374,65670,73915,44117,29798,20068.5,7648,1808,273.5
"2019","충청북도","계",1589354.5,79078.5,60707.5,57233,68400.5,41160,27240.5,19267,6355,1419,199.5
"2019","충청남도","계",2110584,105649.5,84800.5,79548.5,106207.5,62518,43689.5,31211,9894,2273.5,311
"2019","전라북도","계",1816000.5,101269,85101,77808,97462.5,56858.5,40604,28661.5,9486,2139,317.5
"2019","전라남도","계",1863279,108313.5,96383.5,95005,115046.5,67960,47086.5,33342,10588,2812.5,344
"2019","경상북도","계",2653915.5,159719.5,118569.5,116660,140508.5,83497,57011.5,40461,13283,2861,406.5
"2019","경상남도","계",3348258,168009,124835.5,109956.5,128792.5,76032.5,52760,38031.5,12097,2356,275.5
"2019","제주특별자치도","계",663488.5,27759,24071.5,19674,25452,14080,11372,7816,2376,1049,131
"2020","서울특별시","계",9533412,496050,385833.5,289716.5,297315.5,178205.5,119110,81871.5,29509.5,6768.5,960.5
"2020","부산광역시","계",3366576.5,219293.5,162689.5,122328.5,123412,75805,47607,33937,11162,2208,300
"2020","대구광역시","계",2410205.5,130962,95564,75777.5,83346,50612,32734,23980.5,7183.5,1391,179
"2020","인천광역시","계",2922121,133963,98820.5,73708,86196.5,49549,36647.5,25058.5,9159.5,2143,286.5
"2020","광주광역시","계",1444467,63326.5,51926.5,39508.5,43920,25730.5,18189.5,12602.5,4483,959,145
"2020","대전광역시","계",1459158.5,69134,49983.5,38834,44938,26253.5,18684.5,13139,4458,958.5,129
"2020","울산광역시","계",1136113.5,53916,34458,23720.5,24721.5,14671,10050.5,7116,2374.5,510,50
"2020","세종특별자치시","계",347069.5,11309,7806,6017,8014.5,4374,3640.5,2514,926,174,26.5
"2020","경기도","계",13220207,564019,417739,325819.5,381858,223085,158773,109880,38859,8762.5,1271.5
"2020","강원도","계",1528690,93232,69188,65270.5,79634,47146.5,32487.5,21848,8371.5,1959.5,308.5
"2020","충청북도","계",1590372,86914,62558.5,56411,72635,42481.5,30153.5,21352.5,7071,1521.5,208.5
"2020","충청남도","계",2108087.5,112847.5,89964.5,77896,111658.5,63328.5,48330,34598,10988.5,2393.5,350
"2020","전라북도","계",1799898.5,106220.5,90540.5,76048.5,102582,58063.5,44518.5,31440.5,10578.5,2157.5,342
"2020","전라남도","계",1847811,112431.5,100071.5,91460,122006,70893.5,51112.5,35769.5,12148.5,2818,376.5
"2020","경상북도","계",2635767,169680.5,126099.5,112261.5,149388.5,86699,62689.5,44711,14540.5,2997.5,440.5
"2020","경상남도","계",3332034,182066,132736.5,108051,137063,79399,57664,41353.5,13417,2577.5,316
"2020","제주특별자치도","계",667268.5,30227,24729,19834,27022.5,14614.5,12408,8478.5,2813,969,147.5
"2021","서울특별시","계",9453878,535174,392366.5,293549.5,319793.5,189601,130192.5,90257.5,31768.5,7074.5,1092
"2021","부산광역시","계",3343353,235574,170916,122161,133307.5,81184,52123.5,37302,12110.5,2380,331
"2021","대구광역시","계",2387449.5,140803,101436,74089,89333,53237.5,36095.5,26425,7948.5,1517.5,204.5
"2021","인천광역시","계",2921874.5,150082.5,101665,75214,92134.5,52019,40115.5,27501.5,9983.5,2292.5,338
"2021","광주광역시","계",1438867.5,67587.5,53680,39836,46996,27387.5,19608.5,13590.5,4838.5,1022,157.5
"2021","대전광역시","계",1449628,75561,52329.5,39039.5,47662,27309.5,20352.5,14336.5,4855,1011.5,149.5
"2021","울산광역시","계",1124040.5,59572,37324.5,23993,26451.5,15530.5,10921,7758,2537.5,566.5,59
"2021","세종특별자치시","계",362921.5,12917.5,8464,6049,8542,4523.5,4018.5,2772,1024,197,25.5
"2021","경기도","계",13398945,634106.5,430717.5,332442,411757,236029,175728,122155,42636.5,9483.5,1453
"2021","강원도","계",1530536.5,105208.5,68618.5,64517,85337,49725.5,35611.5,24112.5,9016,2151,332
"2021","충청북도","계",1591246,96886,64396.5,55377.5,76600,43411.5,33188.5,23701.5,7645.5,1605.5,236
"2021","충청남도","계",2109102,122430.5,94898.5,76036,116784,63563,53221,38123,12150,2565.5,382.5
"2021","전라북도","계",1786321.5,112335.5,94562.5,74981.5,107781,59269.5,48511.5,34135.5,11741.5,2266.5,368
"2021","전라남도","계",1833020.5,118072.5,103131.5,87982,129093.5,73824,55269.5,38416,13524.5,2904.5,424.5
"2021","경상북도","계",2619827.5,182997.5,134621.5,107183.5,157202.5,88611.5,68591,48880.5,15978.5,3241.5,490.5
"2021","경상남도","계",3311248.5,199239.5,140810.5,105463.5,145466.5,82729,62737.5,44725,14814,2832.5,366
"2021","제주특별자치도","계",670992.5,33322,25198,20056,28612,15302,13310,9082.5,3138.5,917,172
"2022","서울특별시","계",9378610,564472.5,398354.5,299196.5,346971.5,207370,139601.5,97563.5,33449.5,7423.5,1165
"2022","부산광역시","계",3316707,247259.5,178226,124066.5,144438.5,88277.5,56161,40224,12973,2597.5,366.5
"2022","대구광역시","계",2364488,148132.5,106948,73539.5,96309,57304.5,39004.5,28407,8755.5,1616.5,225.5
"2022","인천광역시","계",2939962,164793,105168.5,77560,99462.5,56353,43109.5,29529,10734,2458,388.5
"2022","광주광역시","계",1431266.5,71528.5,54752.5,40272.5,50892.5,30019.5,20873,14563,5079,1066.5,164.5
"2022","대전광역시","계",1442984.5,81402.5,54530,38961.5,51300.5,29497.5,21803,15320.5,5221,1092,169.5
"2022","울산광역시","계",1112600,64531,40109,24734,28633.5,16990,11643.5,8245.5,2741,596,61
"2022","세종특별자치시","계",376991,14368,9108,6087,9158.5,4863,4295.5,2933,1114.5,218,30
"2022","경기도","계",13503168.5,693621.5,446623.5,340340,444747,254621,190126,132569,45932,10050.5,1574.5
"2022","강원도","계",1531310.5,114517,71245,63707,90941.5,52610.5,38331,26265,9448,2282,336
"2022","충청북도","계",1591003.5,105364.5,67838.5,53884.5,81491.5,45802,35689.5,25575.5,8188,1662,264
"2022","충청남도","계",2113857.5,131293,98454,74189.5,123498,66377,57121,40437,13536.5,2732,415.5
"2022","전라북도","계",1772150.5,118823.5,95229,73824.5,115144.5,63498.5,51646,36125,12633.5,2473,414.5
"2022","전라남도","계",1820069,123805,104574.5,84937,137150,78151.5,58998.5,40879.5,14636,2993.5,489.5
"2022","경상북도","계",2604744.5,193836.5,142760,103273.5,166009,92910.5,73098.5,51819,17311,3450.5,518
"2022","경상남도","계",3285522.5,213558,148838,105185,154179,87105,67074,47449.5,16176.5,3069,379
"2022","제주특별자치도","계",673714,36159.5,25555,20500,30178.5,16055,14123.5,9587,3479,850,207.5
